{
  "Ridge": {
    "best_params": {
      "alpha": 10.0
    },
    "cv_metrics": {
      "MAE": 23.219924487354803,
      "RMSE": 27.10606581301823,
      "R2": -0.8004097129851723
    }
  },
  "Lasso": {
    "best_params": {
      "max_iter": 10000,
      "random_state": 42,
      "alpha": 0.01
    },
    "cv_metrics": {
      "MAE": 23.23545796405797,
      "RMSE": 27.12576999771432,
      "R2": -0.801828145896539
    }
  },
  "RandomForest": {
    "best_params": {
      "random_state": 42,
      "n_jobs": -1,
      "n_estimators": 300,
      "max_depth": 5
    },
    "cv_metrics": {
      "MAE": 18.832689002361654,
      "RMSE": 22.475768969945324,
      "R2": 0.03859485658157772
    }
  }
}