{
  "LinearRegression": {
    "MAE": 8.870938085730224,
    "RMSE": 12.188297406815282,
    "R2": 0.9120992307241065
  },
  "Ridge": {
<<<<<<< HEAD
    "MAE": 8.871423009293505,
    "RMSE": 12.188552241446992,
    "R2": 0.9120955550024548
  },
  "Lasso": {
    "MAE": 8.871380892433933,
    "RMSE": 12.18860352373101,
    "R2": 0.9120948153001327
  },
  "RandomForest": {
    "MAE": 11.759800181568096,
    "RMSE": 14.538414588592051,
    "R2": 0.8749335885305033
  },
  "Baseline_LastYear": {
    "MAE": 13.346061990546556,
    "RMSE": 17.10159571589266,
    "R2": 0.8269467097404577
  },
  "Baseline_GDPonly": {
    "MAE": 39.65271458796771,
    "RMSE": 45.833894819328954,
    "R2": -0.24302572778395803
=======
    "MAE": 8.870986629412739,
    "RMSE": 12.188322908180812,
    "R2": 0.9120988628971791
  },
  "Lasso": {
    "MAE": 8.870986601623152,
    "RMSE": 12.188328307181417,
    "R2": 0.9120987850229054
  },
  "RandomForest": {
    "MAE": 11.687937735571804,
    "RMSE": 14.511668525914047,
    "R2": 0.8753933301563686
>>>>>>> 31cbd61a6b0eea627889766f887c47eb416f2871
  }
}