{
  "LinearRegression": {
    "MAE": 8.870938085730224,
    "RMSE": 12.188297406815282,
    "R2": 0.9120992307241065
  },
  "Ridge": {
    "MAE": 8.871423009293505,
    "RMSE": 12.188552241446992,
    "R2": 0.9120955550024548
  },
  "Lasso": {
    "MAE": 8.871380892433933,
    "RMSE": 12.18860352373101,
    "R2": 0.9120948153001327
  },
  "RandomForest": {
    "MAE": 11.759800181568096,
    "RMSE": 14.538414588592051,
    "R2": 0.8749335885305033
  },
  "Baseline_LastYear": {
    "MAE": 13.346061990546556,
    "RMSE": 17.10159571589266,
    "R2": 0.8269467097404577
  },
  "Baseline_GDPonly": {
    "MAE": 39.65271458796771,
    "RMSE": 45.833894819328954,
    "R2": -0.24302572778395803
  }
}