{
  "LinearRegression": {
    "MAE": 8.870938085730224,
    "RMSE": 12.188297406815282,
    "R2": 0.9120992307241065
  },
  "Ridge": {
    "MAE": 8.870986629412739,
    "RMSE": 12.188322908180812,
    "R2": 0.9120988628971791
  },
  "Lasso": {
    "MAE": 8.870986601623152,
    "RMSE": 12.188328307181417,
    "R2": 0.9120987850229054
  },
  "RandomForest": {
    "MAE": 11.687937735571804,
    "RMSE": 14.511668525914047,
    "R2": 0.8753933301563686
  }
}